{"cameraMode":{"drawMode":0,"name":"Shaded","section":"Shading Mode"},"sceneLighting":true,"audioPlay":false,"sceneViewState":{"showFog":true,"showMaterialUpdate":false,"showSkybox":true,"showFlares":true,"showImageEffects":true,"showParticleSystems":true},"in2DMode":false,"pivot":{"x":-1229.7991943359375,"y":-3454.928466796875,"z":-633.51123046875},"rotation":{"x":0.576468825340271,"y":0.002451896434649825,"z":-0.001728656585328281,"w":0.8171234130859375},"size":58800.9375,"orthographic":false}