{"cameraMode":{"drawMode":0,"name":"Shaded","section":"Shading Mode"},"sceneLighting":true,"audioPlay":false,"sceneViewState":{"showFog":true,"showMaterialUpdate":false,"showSkybox":true,"showFlares":true,"showImageEffects":true,"showParticleSystems":true},"in2DMode":false,"pivot":{"x":14213.947265625,"y":454.36773681640627,"z":10257.447265625},"rotation":{"x":0.576468825340271,"y":0.002451896434649825,"z":-0.001728656585328281,"w":0.8171234130859375},"size":23100.7421875,"orthographic":false}