{"cameraMode":{"drawMode":0,"name":"Shaded","section":"Shading Mode"},"sceneLighting":true,"audioPlay":false,"sceneViewState":{"showFog":true,"showMaterialUpdate":false,"showSkybox":true,"showFlares":true,"showImageEffects":true,"showParticleSystems":true},"in2DMode":false,"pivot":{"x":-9860.67578125,"y":-800.4102172851563,"z":-14521.609375},"rotation":{"x":0.19018633663654328,"y":-0.022087126970291139,"z":0.004282013047486544,"w":0.9815073609352112},"size":32849.43359375,"orthographic":false}