{"cameraMode":{"drawMode":0,"name":"Shaded","section":"Shading Mode"},"sceneLighting":true,"audioPlay":false,"sceneViewState":{"showFog":true,"showMaterialUpdate":false,"showSkybox":true,"showFlares":true,"showImageEffects":true,"showParticleSystems":true},"in2DMode":false,"pivot":{"x":5610.40380859375,"y":-11425.662109375,"z":13383.6220703125},"rotation":{"x":-0.004261005204170942,"y":-0.9089900851249695,"z":0.4167690873146057,"w":-0.009271413087844849},"size":128585.2734375,"orthographic":false}