{"cameraMode":{"drawMode":2,"name":"Shaded Wireframe","section":"Shading Mode"},"sceneLighting":true,"audioPlay":false,"sceneViewState":{"showFog":true,"showMaterialUpdate":false,"showSkybox":true,"showFlares":true,"showImageEffects":true,"showParticleSystems":true},"in2DMode":false,"pivot":{"x":252.98049926757813,"y":1.0,"z":-1365.21533203125},"rotation":{"x":0.5416494607925415,"y":0.0025228357408195736,"z":-0.0016233819769695402,"w":0.8406036496162415},"size":175.6747589111328,"orthographic":false}