{"cameraMode":{"drawMode":2,"name":"Shaded Wireframe","section":"Shading Mode"},"sceneLighting":true,"audioPlay":false,"sceneViewState":{"showFog":true,"showMaterialUpdate":false,"showSkybox":true,"showFlares":true,"showImageEffects":true,"showParticleSystems":true},"in2DMode":false,"pivot":{"x":-576.051025390625,"y":503.4980773925781,"z":-57.095550537109378},"rotation":{"x":0.323047935962677,"y":0.6285862326622009,"z":-0.32246994972229006,"w":0.6297152638435364},"size":320.28216552734377,"orthographic":false}