{"cameraMode":{"drawMode":2,"name":"Shaded Wireframe","section":"Shading Mode"},"sceneLighting":true,"audioPlay":false,"sceneViewState":{"showFog":true,"showMaterialUpdate":false,"showSkybox":true,"showFlares":true,"showImageEffects":true,"showParticleSystems":true},"in2DMode":false,"pivot":{"x":-805.3016357421875,"y":338.88189697265627,"z":-57.48069381713867},"rotation":{"x":0.323047935962677,"y":0.6285862326622009,"z":-0.32246994972229006,"w":0.6297152638435364},"size":11265.634765625,"orthographic":false}