{"cameraMode":{"drawMode":2,"name":"Shaded Wireframe","section":"Shading Mode"},"sceneLighting":true,"audioPlay":false,"sceneViewState":{"showFog":true,"showMaterialUpdate":false,"showSkybox":true,"showFlares":true,"showImageEffects":true,"showParticleSystems":true},"in2DMode":false,"pivot":{"x":88.08760833740235,"y":5.925875663757324,"z":262.3882751464844},"rotation":{"x":0.17430926859378816,"y":0.5683302283287048,"z":-0.12470457702875138,"w":0.7943998575210571},"size":540.480224609375,"orthographic":false}