{"cameraMode":{"drawMode":2,"name":"Shaded Wireframe","section":"Shading Mode"},"sceneLighting":true,"audioPlay":false,"sceneViewState":{"showFog":true,"showMaterialUpdate":false,"showSkybox":true,"showFlares":true,"showImageEffects":true,"showParticleSystems":true},"in2DMode":false,"pivot":{"x":9152.849609375,"y":-3738.41455078125,"z":-6433.7890625},"rotation":{"x":0.6475419998168945,"y":0.008000904694199562,"z":-0.006799460854381323,"w":0.7619615793228149},"size":10910.7998046875,"orthographic":false}