{"cameraMode":{"drawMode":2,"name":"Shaded Wireframe","section":"Shading Mode"},"sceneLighting":true,"audioPlay":false,"sceneViewState":{"showFog":true,"showMaterialUpdate":false,"showSkybox":true,"showFlares":true,"showImageEffects":true,"showParticleSystems":true},"in2DMode":false,"pivot":{"x":5086.0283203125,"y":-2289.517333984375,"z":-4253.1689453125},"rotation":{"x":0.5319052934646606,"y":-0.07598697394132614,"z":0.048003364354372028,"w":0.842029869556427},"size":14326.6298828125,"orthographic":false}