{"cameraMode":{"drawMode":2,"name":"Shaded Wireframe","section":"Shading Mode"},"sceneLighting":true,"audioPlay":false,"sceneViewState":{"showFog":true,"showMaterialUpdate":false,"showSkybox":true,"showFlares":true,"showImageEffects":true,"showParticleSystems":true},"in2DMode":false,"pivot":{"x":-2380.3701171875,"y":938.47802734375,"z":2873.087646484375},"rotation":{"x":0.5045697093009949,"y":-0.006475262343883514,"z":0.0037841256707906725,"w":0.8633419275283814},"size":5108.24267578125,"orthographic":false}