{"cameraMode":{"drawMode":0,"name":"Shaded","section":"Shading Mode"},"sceneLighting":true,"audioPlay":false,"sceneViewState":{"showFog":true,"showMaterialUpdate":false,"showSkybox":true,"showFlares":true,"showImageEffects":true,"showParticleSystems":true},"in2DMode":false,"pivot":{"x":-3023.8388671875,"y":-4181.68896484375,"z":-2661.873779296875},"rotation":{"x":0.576468825340271,"y":0.002451896434649825,"z":-0.001728656585328281,"w":0.8171234130859375},"size":62256.1328125,"orthographic":false}