{"cameraMode":{"drawMode":2,"name":"Shaded Wireframe","section":"Shading Mode"},"sceneLighting":true,"audioPlay":false,"sceneViewState":{"showFog":true,"showMaterialUpdate":false,"showSkybox":true,"showFlares":true,"showImageEffects":true,"showParticleSystems":true},"in2DMode":false,"pivot":{"x":-13.407594680786133,"y":-101.44839477539063,"z":589.646728515625},"rotation":{"x":0.5641456246376038,"y":0.0012385660083964468,"z":-0.0008462078985758126,"w":0.8256750702857971},"size":991.2236938476563,"orthographic":false}