{"cameraMode":{"drawMode":2,"name":"Shaded Wireframe","section":"Shading Mode"},"sceneLighting":true,"audioPlay":false,"sceneViewState":{"showFog":true,"showMaterialUpdate":false,"showSkybox":true,"showFlares":true,"showImageEffects":true,"showParticleSystems":true},"in2DMode":false,"pivot":{"x":3175.68701171875,"y":-20.75701332092285,"z":-9257.115234375},"rotation":{"x":0.5703226923942566,"y":-0.002463586162775755,"z":0.0017123745055869222,"w":0.8214208483695984},"size":89.5435791015625,"orthographic":false}