{"cameraMode":{"drawMode":2,"name":"Shaded Wireframe","section":"Shading Mode"},"sceneLighting":true,"audioPlay":false,"sceneViewState":{"showFog":true,"showMaterialUpdate":false,"showSkybox":true,"showFlares":true,"showImageEffects":true,"showParticleSystems":true},"in2DMode":false,"pivot":{"x":2661.2216796875,"y":-188.90318298339845,"z":6027.0849609375},"rotation":{"x":0.3601056933403015,"y":-0.00979502685368061,"z":0.0037834784016013147,"w":0.9328630566596985},"size":1599.9981689453125,"orthographic":false}