{"cameraMode":{"drawMode":2,"name":"Shaded Wireframe","section":"Shading Mode"},"sceneLighting":true,"audioPlay":false,"sceneViewState":{"showFog":true,"showMaterialUpdate":false,"showSkybox":true,"showFlares":true,"showImageEffects":true,"showParticleSystems":true},"in2DMode":false,"pivot":{"x":557.611083984375,"y":-14.637240409851075,"z":8786.36328125},"rotation":{"x":0.5678198933601379,"y":-0.00987621583044529,"z":0.0068164849653840069,"w":0.8230757713317871},"size":580.7300415039063,"orthographic":false}