{"cameraMode":{"drawMode":2,"name":"Shaded Wireframe","section":"Shading Mode"},"sceneLighting":true,"audioPlay":false,"sceneViewState":{"showFog":true,"showMaterialUpdate":false,"showSkybox":true,"showFlares":true,"showImageEffects":true,"showParticleSystems":true},"in2DMode":false,"pivot":{"x":1368.441650390625,"y":1.0,"z":-363.67803955078127},"rotation":{"x":0.5416494607925415,"y":0.0025228357408195736,"z":-0.0016233819769695402,"w":0.8406036496162415},"size":164.77154541015626,"orthographic":false}