{"cameraMode":{"drawMode":2,"name":"Shaded Wireframe","section":"Shading Mode"},"sceneLighting":true,"audioPlay":false,"sceneViewState":{"showFog":true,"showMaterialUpdate":false,"showSkybox":true,"showFlares":true,"showImageEffects":true,"showParticleSystems":true},"in2DMode":false,"pivot":{"x":3234.16650390625,"y":-63.59451675415039,"z":4738.609375},"rotation":{"x":0.4332396388053894,"y":-0.09701747447252274,"z":0.0469750314950943,"w":0.8948206901550293},"size":980.4072875976563,"orthographic":false}